{"cameraMode":{"drawMode":0,"name":"Shaded","section":"Shading Mode"},"sceneLighting":false,"audioPlay":false,"sceneViewState":{"showFog":true,"showMaterialUpdate":true,"showSkybox":true,"showFlares":true,"showImageEffects":true,"showParticleSystems":true},"in2DMode":false,"pivot":{"x":1.9729267358779908,"y":1.4894111156463624,"z":-11.074088096618653},"rotation":{"x":-0.07646023482084274,"y":0.0842466801404953,"z":-0.006483756471425295,"w":-0.9934859275817871},"size":2.3837668895721437,"orthographic":false}