{"cameraMode":{"drawMode":0,"name":"Shaded","section":"Shading Mode"},"sceneLighting":false,"audioPlay":false,"sceneViewState":{"showFog":true,"showMaterialUpdate":true,"showSkybox":true,"showFlares":true,"showImageEffects":true,"showParticleSystems":true},"in2DMode":false,"pivot":{"x":-4.483463287353516,"y":-4.029903888702393,"z":79.87380981445313},"rotation":{"x":-0.10944288969039917,"y":0.05185771360993385,"z":-0.005716899409890175,"w":-0.9926233291625977},"size":22.0,"orthographic":false}