{"cameraMode":{"drawMode":0,"name":"Shaded","section":"Shading Mode"},"sceneLighting":false,"audioPlay":false,"sceneViewState":{"showFog":false,"showMaterialUpdate":false,"showSkybox":false,"showFlares":false,"showImageEffects":false,"showParticleSystems":false},"in2DMode":false,"pivot":{"x":210.97607421875,"y":942.120361328125,"z":-122.92816162109375},"rotation":{"x":0.1377459615468979,"y":0.042473919689655307,"z":-0.005912876687943935,"w":0.989540696144104},"size":397.983642578125,"orthographic":false}