{"cameraMode":{"drawMode":0,"name":"Shaded","section":"Shading Mode"},"sceneLighting":false,"audioPlay":false,"sceneViewState":{"showFog":true,"showMaterialUpdate":true,"showSkybox":true,"showFlares":true,"showImageEffects":true,"showParticleSystems":true},"in2DMode":false,"pivot":{"x":197.81869506835938,"y":141.88548278808595,"z":14.655517578125},"rotation":{"x":-0.07910604029893875,"y":-0.0050813620910048489,"z":-0.0004033871809951961,"w":0.9968533515930176},"size":313.99395751953127,"orthographic":false}